{"payload":{"fileName":"/root/workspace/uncertainty-estimation-for-ssl-pred/TCRNN/main_crnn.py","local_timestamp":1741593759381,"message_id":1},"type":"ws_msg"}
{"payload":{"additional_params":{"assetId":"a2c6eb841cef44ba90bf73a2aec0569e","context":null,"extension":"py","fileName":"/usr/local/lib/python3.10/dist-packages/lightning/pytorch/loggers/comet.py","overwrite":false,"runId":null,"step":null,"type":"source_code"},"clean":true,"file_path":"tmpuoqe0i2x","local_timestamp":1741593759414,"message_id":2,"metadata":{"source_code_type":"experiment_creation"},"upload_type":"source_code"},"type":"file_upload"}
{"payload":{"additional_params":{"assetId":"aac69b07b4ff402e8e9407c7292468e9","context":null,"extension":"py","fileName":"main_crnn.py","overwrite":false,"runId":null,"step":null,"type":"source_code"},"clean":true,"file_path":"tmpq6m9mmf2","local_timestamp":1741593759414,"message_id":3,"metadata":{"source_code_type":"python_script_name"},"upload_type":"source_code"},"type":"file_upload"}
{"payload":{"installed_packages":["absl-py==2.0.0","aiohttp==3.8.6","aiosignal==1.3.1","aliyun-python-sdk-core==2.14.0","aliyun-python-sdk-kms==2.16.2","antlr4-python3-runtime==4.9.3","appdirs==1.4.4","async-timeout==4.0.3","attrs==23.1.0","audioread==3.0.1","beautifulsoup4==4.12.2","beniget==0.4.1","blinker==1.4","bottle==0.12.19","brotli==1.0.9","cachetools==5.3.2","causal-conv1d==1.4.0","certifi==2022.12.7","cffi==1.16.0","chardet==4.0.0","charset-normalizer==2.1.1","clearml==1.13.2","click==8.1.7","cmake==3.28.1","colorama==0.4.6","comet-ml==3.35.3","configobj==5.0.8","contourpy==1.2.0","crcmod==1.7","cryptography==3.4.8","cycler==0.12.1","cython==3.0.5","dbus-python==1.2.18","decorator==5.1.1","defusedxml==0.7.1","distro-info==1.1+ubuntu0.1","distro==1.7.0","dlp-mpi==0.0.4","docker==5.0.3","docopt==0.6.2","docstring-parser==0.15","dulwich==0.21.6","easydict==1.11","einops==0.8.0","everett==3.1.0","filelock==3.9.0","fonttools==4.44.3","frozenlist==1.4.0","fs==2.4.12","fsspec==2023.10.0","furl==2.1.3","future==1.0.0","gast==0.5.2","gdown==4.7.1","gitdb==4.0.11","gitpython==3.1.43","glances==3.2.4.2","google-auth-oauthlib==1.1.0","google-auth==2.23.4","gpurir==1.2.0","grpcio==1.59.2","h5py==3.10.0","html5lib==1.1","httplib2==0.20.2","huggingface-hub==0.24.5","hydra-core==1.3.2","idna==3.4","imageio==2.32.0","importlib-metadata==4.6.4","importlib-resources==6.1.1","influxdb==5.3.1","jeepney==0.7.1","jinja2==3.1.2","jmespath==0.10.0","joblib==1.3.2","jsonargparse==4.27.2","jsonpickle==3.2.2","jsonschema-specifications==2023.11.1","jsonschema==4.20.0","keyring==23.5.0","kiwisolver==1.4.5","launchpadlib==1.10.16","lazr.restfulclient==0.14.4","lazr.uri==1.0.6","lazy-dataset==0.0.15","lazy-loader==0.3","librosa==0.10.1","lightning-utilities==0.9.0","lightning==2.1.0","llvmlite==0.41.1","loguru==0.7.3","lxml==4.8.0","lz4==3.1.3+dfsg","mamba-ssm==2.2.2","markdown-it-py==3.0.0","markdown==3.5.1","markupsafe==2.1.3","matplotlib==3.8.1","mdurl==0.1.2","mir-eval==0.7","model-index==0.1.11","more-itertools==8.10.0","mpi4py==4.0.0","mpmath==1.3.0","msgpack==1.0.7","multidict==6.0.4","munch==4.0.0","mypy-extensions==1.0.0","netifaces==0.11.0","networkx==3.0","ninja==1.11.1.1","numba==0.58.1","numpy==1.26.4","oauthlib==3.2.0","olefile==0.46","omegaconf==2.3.0","opencv-python==4.8.1.78","opendatalab==0.0.10","openmim==0.3.9","openxlab==0.0.28","ordered-set==4.1.0","orderedmultidict==1.0.1","oss2==2.17.0","packaging==23.2","pandas==2.1.3","pathlib2==2.3.7.post1","pesq==0.0.4","pillow==9.3.0","pip==23.3.2","platformdirs==4.0.0","ply==3.11","pooch==1.8.0","protobuf==4.23.4","psutil==5.9.6","py-cpuinfo==9.0.0","pyasn1-modules==0.3.0","pyasn1==0.5.0","pycparser==2.21","pycryptodome==3.19.0","pycryptodomex==3.11.0","pygments==2.16.1","pygobject==3.42.1","pyjwt==2.8.0","pyparsing==2.4.7","pyre-extensions==0.0.30","pysmi==0.3.2","pysnmp==4.4.12","pysocks==1.7.1","pystache==0.6.0","pystoi==0.4.1","python-apt==2.4.0+ubuntu2","python-box==6.1.0","python-dateutil==2.8.2","pythran==0.10.0","pytorch-lightning==2.1.2","pytz==2023.3.post1","pyyaml==6.0.1","referencing==0.31.0","regex==2024.7.24","requests-oauthlib==1.3.1","requests-toolbelt==1.0.0","requests==2.31.0","resampy==0.4.2","rich==13.4.2","rpds-py==0.13.0","rsa==4.9","sacred==0.8.5","safetensors==0.4.3","scikit-image==0.22.0","scikit-learn==1.3.2","scipy==1.11.3","seaborn==0.13.0","secretstorage==3.3.1","semantic-version==2.10.0","sentry-sdk==1.35.0","setuptools==60.2.0","sh==1.14.3","simplejson==3.19.2","six==1.16.0","smmap==5.0.1","soundfile==0.12.1","soupsieve==2.5","soxr==0.3.7","ssh-import-id==5.11","sympy==1.12","tabulate==0.9.0","tensorboard-data-server==0.7.2","tensorboard==2.15.1","threadpoolctl==3.2.0","tifffile==2023.9.26","timm==0.9.10","tokenizers==0.19.1","torch==2.1.0+cu118","torchaudio==2.1.0+cu118","torcheval==0.0.6","torchmetrics==1.2.0","torchtnt==0.2.4","torchvision==0.16.0+cu118","tqdm==4.65.2","transformers==4.43.3","triton==2.1.0","typeshed-client==2.4.0","typing-extensions==4.4.0","typing-inspect==0.9.0","tzdata==2023.3","ufolib2==0.13.1","unattended-upgrades==0.1","unicodedata2==14.0.0","urllib3==1.26.13","wadllib==1.3.6","webencodings==0.5.1","webrtcvad==2.0.10","websocket-client==1.3.3","werkzeug==3.0.1","wheel==0.37.1","wrapt==1.16.0","wurlitzer==3.0.3","yarl==1.9.2","zipp==1.0.0"],"local_timestamp":1741593759415,"message_id":4},"type":"ws_msg"}
{"payload":{"local_timestamp":1741593759419,"message_id":5,"os_packages":["adduser=3.118ubuntu5","alsa-topology-conf=1.2.5.1-2","alsa-ucm-conf=1.2.6.3-1ubuntu1.11","apt-utils=2.4.11","apt=2.4.11","autoconf=2.71-2","automake=1:1.16.5-1.3","autotools-dev=20220109.1","base-files=12ubuntu4.4","base-passwd=3.5.52build1","bash=5.1-6ubuntu1","binutils-common=2.38-4ubuntu2.3","binutils-x86-64-linux-gnu=2.38-4ubuntu2.3","binutils=2.38-4ubuntu2.3","blt=2.5.3+dfsg-4.1build2","bsdutils=1:2.37.2-4ubuntu3","build-essential=12.9ubuntu3","bzip2=1.0.8-5build1","ca-certificates=20230311ubuntu0.22.04.1","coreutils=8.32-4.1ubuntu1","cpp-11=11.4.0-1ubuntu1~22.04","cpp=4:11.2.0-1ubuntu1","cuda-cccl-11-8=11.8.89-1","cuda-command-line-tools-11-8=11.8.0-1","cuda-compat-11-8=520.61.05-1","cuda-compiler-11-8=11.8.0-1","cuda-cudart-11-8=11.8.89-1","cuda-cudart-dev-11-8=11.8.89-1","cuda-cuobjdump-11-8=11.8.86-1","cuda-cupti-11-8=11.8.87-1","cuda-cupti-dev-11-8=11.8.87-1","cuda-cuxxfilt-11-8=11.8.86-1","cuda-driver-dev-11-8=11.8.89-1","cuda-gdb-11-8=11.8.86-1","cuda-keyring=1.0-1","cuda-libraries-11-8=11.8.0-1","cuda-libraries-dev-11-8=11.8.0-1","cuda-memcheck-11-8=11.8.86-1","cuda-minimal-build-11-8=11.8.0-1","cuda-nsight-compute-11-8=11.8.0-1","cuda-nvcc-11-8=11.8.89-1","cuda-nvdisasm-11-8=11.8.86-1","cuda-nvml-dev-11-8=11.8.86-1","cuda-nvprof-11-8=11.8.87-1","cuda-nvprune-11-8=11.8.86-1","cuda-nvrtc-11-8=11.8.89-1","cuda-nvrtc-dev-11-8=11.8.89-1","cuda-nvtx-11-8=11.8.86-1","cuda-profiler-api-11-8=11.8.86-1","cuda-sanitizer-11-8=11.8.86-1","cuda-toolkit-11-8-config-common=11.8.89-1","cuda-toolkit-11-config-common=11.8.89-1","cuda-toolkit-config-common=12.3.52-1","curl=7.81.0-1ubuntu1.14","dash=0.5.11+git20210903+057cd650a4ed-3build1","dbus=1.12.20-2ubuntu4.1","debconf=1.5.79ubuntu1","debianutils=5.5-1ubuntu2","diffutils=1:3.8-0ubuntu2","dirmngr=2.2.27-3ubuntu2.1","distro-info-data=0.52ubuntu0.5","dmsetup=2:1.02.175-2.1ubuntu4","dpkg-dev=1.21.1ubuntu2.2","dpkg=1.21.1ubuntu2.2","e2fsprogs=1.46.5-2ubuntu1.1","file=1:5.41-3ubuntu0.1","findutils=4.8.0-1ubuntu3","fontconfig-config=2.13.1-4.2ubuntu5","fonts-dejavu-core=2.37-2build1","fonts-lyx=2.3.6-1","g++-11=11.4.0-1ubuntu1~22.04","g++=4:11.2.0-1ubuntu1","gcc-11-base=11.4.0-1ubuntu1~22.04","gcc-11=11.4.0-1ubuntu1~22.04","gcc-12-base=12.3.0-1ubuntu1~22.04","gcc=4:11.2.0-1ubuntu1","gfortran-11=11.4.0-1ubuntu1~22.04","gfortran=4:11.2.0-1ubuntu1","gir1.2-glib-2.0=1.72.0-1","gir1.2-packagekitglib-1.0=1.2.5-2ubuntu2","git-man=1:2.34.1-1ubuntu1.10","git=1:2.34.1-1ubuntu1.10","glances=3.2.4.2+dfsg-1","gnupg-l10n=2.2.27-3ubuntu2.1","gnupg-utils=2.2.27-3ubuntu2.1","gnupg2=2.2.27-3ubuntu2.1","gnupg=2.2.27-3ubuntu2.1","gpg-agent=2.2.27-3ubuntu2.1","gpg-wks-client=2.2.27-3ubuntu2.1","gpg-wks-server=2.2.27-3ubuntu2.1","gpg=2.2.27-3ubuntu2.1","gpgconf=2.2.27-3ubuntu2.1","gpgsm=2.2.27-3ubuntu2.1","gpgv=2.2.27-3ubuntu2.1","grep=3.7-1build1","gzip=1.10-4ubuntu4.1","hostname=3.23ubuntu2","hwloc-nox=2.7.0-2ubuntu1","ibverbs-providers=39.0-1","init-system-helpers=1.62","intel-mkl=2020.4.304-2ubuntu3","iso-codes=4.9.0-1","javascript-common=11+nmu1","keyboard-configuration=1.205ubuntu3","less=590-1ubuntu0.22.04.1","libacl1=2.3.1-1","libapparmor1=3.0.4-2ubuntu2.2","libappstream4=0.15.2-2","libapr1=1.7.0-8ubuntu0.22.04.1","libaprutil1=1.6.1-5ubuntu4.22.04.2","libapt-pkg6.0=2.4.11","libargon2-1=0~20171227-0.3","libasan6=11.4.0-1ubuntu1~22.04","libasound2-data=1.2.6.1-1ubuntu1","libasound2=1.2.6.1-1ubuntu1","libassuan0=2.5.5-1build1","libatomic1=12.3.0-1ubuntu1~22.04","libattr1=1:2.5.1-1build1","libaudit-common=1:3.0.7-1build1","libaudit1=1:3.0.7-1build1","libbinutils=2.38-4ubuntu2.3","libblkid1=2.37.2-4ubuntu3","libboost-dev=1.74.0.3ubuntu7","libboost1.74-dev=1.74.0-14ubuntu3","libbrotli1=1.0.9-2build6","libbsd0=0.11.5-1","libbz2-1.0=1.0.8-5build1","libc-bin=2.35-0ubuntu3.4","libc-dev-bin=2.35-0ubuntu3.4","libc6-dev=2.35-0ubuntu3.4","libc6=2.35-0ubuntu3.4","libcaf-openmpi-3=2.9.2-3","libcap-ng0=0.7.9-2.2build3","libcap2-bin=1:2.44-1ubuntu0.22.04.1","libcap2=1:2.44-1ubuntu0.22.04.1","libcbor0.8=0.8.0-2ubuntu1","libcc1-0=12.3.0-1ubuntu1~22.04","libcoarrays-dev=2.9.2-3","libcoarrays-openmpi-dev=2.9.2-3","libcom-err2=1.46.5-2ubuntu1.1","libcrypt-dev=1:4.4.27-1","libcrypt1=1:4.4.27-1","libcryptsetup12=2:2.4.3-1ubuntu1.1","libctf-nobfd0=2.38-4ubuntu2.3","libctf0=2.38-4ubuntu2.3","libcublas-11-8=11.11.3.6-1","libcublas-dev-11-8=11.11.3.6-1","libcudnn8-dev=8.9.6.50-1+cuda11.8","libcudnn8=8.9.6.50-1+cuda11.8","libcufft-11-8=10.9.0.58-1","libcufft-dev-11-8=10.9.0.58-1","libcufile-11-8=1.4.0.31-1","libcufile-dev-11-8=1.4.0.31-1","libcurand-11-8=10.3.0.86-1","libcurand-dev-11-8=10.3.0.86-1","libcurl3-gnutls=7.81.0-1ubuntu1.14","libcurl4=7.81.0-1ubuntu1.14","libcusolver-11-8=11.4.1.48-1","libcusolver-dev-11-8=11.4.1.48-1","libcusparse-11-8=11.7.5.86-1","libcusparse-dev-11-8=11.7.5.86-1","libdb5.3=5.3.28+dfsg1-0.8ubuntu3","libdbus-1-3=1.12.20-2ubuntu4.1","libdebconfclient0=0.261ubuntu1","libdeflate0=1.10-2","libdevmapper1.02.1=2:1.02.175-2.1ubuntu4","libdpkg-perl=1.21.1ubuntu2.2","libdrm-amdgpu1=2.4.113-2~ubuntu0.22.04.1","libdrm-common=2.4.113-2~ubuntu0.22.04.1","libdrm-intel1=2.4.113-2~ubuntu0.22.04.1","libdrm-nouveau2=2.4.113-2~ubuntu0.22.04.1","libdrm-radeon1=2.4.113-2~ubuntu0.22.04.1","libdrm2=2.4.113-2~ubuntu0.22.04.1","libdw1=0.186-1build1","libedit2=3.1-20210910-1build1","libelf1=0.186-1build1","liberror-perl=0.17029-1","libevent-2.1-7=2.1.12-stable-1build3","libevent-core-2.1-7=2.1.12-stable-1build3","libevent-dev=2.1.12-stable-1build3","libevent-extra-2.1-7=2.1.12-stable-1build3","libevent-openssl-2.1-7=2.1.12-stable-1build3","libevent-pthreads-2.1-7=2.1.12-stable-1build3","libexpat1-dev=2.4.7-1ubuntu0.2","libexpat1=2.4.7-1ubuntu0.2","libext2fs2=1.46.5-2ubuntu1.1","libfabric1=1.11.0-3","libffi8=3.4.2-4","libfido2-1=1.10.0-1","libflac8=1.3.3-2ubuntu0.2","libfontconfig1=2.13.1-4.2ubuntu5","libfreetype6=2.11.1+dfsg-1ubuntu0.2","libfribidi0=1.0.8-2ubuntu3.1","libgcc-11-dev=11.4.0-1ubuntu1~22.04","libgcc-s1=12.3.0-1ubuntu1~22.04","libgcrypt20=1.9.4-3ubuntu3","libgdbm-compat4=1.23-1","libgdbm6=1.23-1","libgfortran-11-dev=11.4.0-1ubuntu1~22.04","libgfortran5=12.3.0-1ubuntu1~22.04","libgirepository-1.0-1=1.72.0-1","libgl1-amber-dri=21.3.9-0ubuntu1~22.04.1","libgl1-mesa-dri=23.0.4-0ubuntu1~22.04.1","libgl1-mesa-glx=23.0.4-0ubuntu1~22.04.1","libgl1=1.4.0-1","libglapi-mesa=23.0.4-0ubuntu1~22.04.1","libglib2.0-0=2.72.4-0ubuntu2.2","libglib2.0-bin=2.72.4-0ubuntu2.2","libglib2.0-data=2.72.4-0ubuntu2.2","libglvnd0=1.4.0-1","libglx-mesa0=23.0.4-0ubuntu1~22.04.1","libglx0=1.4.0-1","libgmp10=2:6.2.1+dfsg-3ubuntu1","libgnutls30=3.7.3-4ubuntu1.2","libgomp1=12.3.0-1ubuntu1~22.04","libgpg-error0=1.43-3","libgpm2=1.20.7-10build1","libgraphite2-3=1.3.14-1build2","libgsm1=1.0.19-1","libgssapi-krb5-2=1.19.2-2ubuntu0.2","libgstreamer1.0-0=1.20.3-0ubuntu1","libharfbuzz0b=2.7.4-1ubuntu3.1","libhogweed6=3.7.3-1build2","libhwloc-dev=2.7.0-2ubuntu1","libhwloc-plugins=2.7.0-2ubuntu1","libhwloc15=2.7.0-2ubuntu1","libibverbs-dev=39.0-1","libibverbs1=39.0-1","libice6=2:1.0.10-1build2","libicu70=70.1-2","libidn2-0=2.3.2-2build1","libimagequant0=2.17.0-1","libip4tc2=1.8.7-1ubuntu5.1","libisl23=0.24-2build1","libitm1=12.3.0-1ubuntu1~22.04","libjbig0=2.1-3.1ubuntu0.22.04.1","libjpeg-turbo8=2.1.2-0ubuntu1","libjpeg8=8c-2ubuntu10","libjs-jquery-ui=1.13.1+dfsg-1","libjs-jquery=3.6.0+dfsg+~3.5.13-1","libjs-sphinxdoc=4.3.2-1","libjs-underscore=1.13.2~dfsg-2","libjson-c5=0.15-3~ubuntu1.22.04.2","libk5crypto3=1.19.2-2ubuntu0.2","libkeyutils1=1.6.1-2ubuntu3","libkmod2=29-1ubuntu1","libkrb5-3=1.19.2-2ubuntu0.2","libkrb5support0=1.19.2-2ubuntu0.2","libksba8=1.6.0-2ubuntu0.2","liblbfgsb0=3.0+dfsg.3-10","liblcms2-2=2.12~rc1-2build2","libldap-2.5-0=2.5.16+dfsg-0ubuntu0.22.04.1","libllvm14=1:14.0.0-1ubuntu1.1","libllvm15=1:15.0.7-0ubuntu0.22.04.3","liblocale-gettext-perl=1.07-4build3","liblsan0=12.3.0-1ubuntu1~22.04","libltdl-dev=2.4.6-15build2","libltdl7=2.4.6-15build2","liblz4-1=1.9.3-2build2","liblzma5=5.2.5-2ubuntu1","libmagic-mgc=1:5.41-3ubuntu0.1","libmagic1=1:5.41-3ubuntu0.1","libmd0=1.0.4-1build1","libmkl-avx2=2020.4.304-2ubuntu3","libmkl-avx512-mic=2020.4.304-2ubuntu3","libmkl-avx512=2020.4.304-2ubuntu3","libmkl-avx=2020.4.304-2ubuntu3","libmkl-computational-dev=2020.4.304-2ubuntu3","libmkl-core=2020.4.304-2ubuntu3","libmkl-def=2020.4.304-2ubuntu3","libmkl-dev=2020.4.304-2ubuntu3","libmkl-gf-ilp64=2020.4.304-2ubuntu3","libmkl-gf-lp64=2020.4.304-2ubuntu3","libmkl-gnu-thread=2020.4.304-2ubuntu3","libmkl-intel-ilp64=2020.4.304-2ubuntu3","libmkl-intel-lp64=2020.4.304-2ubuntu3","libmkl-intel-thread=2020.4.304-2ubuntu3","libmkl-interface-dev=2020.4.304-2ubuntu3","libmkl-locale=2020.4.304-2ubuntu3","libmkl-mc3=2020.4.304-2ubuntu3","libmkl-mc=2020.4.304-2ubuntu3","libmkl-meta-computational=2020.4.304-2ubuntu3","libmkl-meta-interface=2020.4.304-2ubuntu3","libmkl-meta-threading=2020.4.304-2ubuntu3","libmkl-pgi-thread=2020.4.304-2ubuntu3","libmkl-rt=2020.4.304-2ubuntu3","libmkl-sequential=2020.4.304-2ubuntu3","libmkl-tbb-thread=2020.4.304-2ubuntu3","libmkl-threading-dev=2020.4.304-2ubuntu3","libmkl-vml-avx2=2020.4.304-2ubuntu3","libmkl-vml-avx512-mic=2020.4.304-2ubuntu3","libmkl-vml-avx512=2020.4.304-2ubuntu3","libmkl-vml-avx=2020.4.304-2ubuntu3","libmkl-vml-cmpt=2020.4.304-2ubuntu3","libmkl-vml-def=2020.4.304-2ubuntu3","libmkl-vml-mc2=2020.4.304-2ubuntu3","libmkl-vml-mc3=2020.4.304-2ubuntu3","libmkl-vml-mc=2020.4.304-2ubuntu3","libmount1=2.37.2-4ubuntu3","libmpc3=1.2.1-2build1","libmpdec3=2.5.1-2build2","libmpfr6=4.1.0-3build3","libmpich-dev=4.0-3","libmpich12=4.0-3","libnccl-dev=2.15.5-1+cuda11.8","libnccl2=2.15.5-1+cuda11.8","libncurses6=6.3-2ubuntu0.1","libncursesw6=6.3-2ubuntu0.1","libnettle8=3.7.3-1build2","libnghttp2-14=1.43.0-1build3","libnl-3-200=3.5.0-0.1","libnl-3-dev=3.5.0-0.1","libnl-route-3-200=3.5.0-0.1","libnl-route-3-dev=3.5.0-0.1","libnpp-11-8=11.8.0.86-1","libnpp-dev-11-8=11.8.0.86-1","libnpth0=1.6-3build2","libnsl-dev=1.3.0-2build2","libnsl2=1.3.0-2build2","libnss-systemd=249.11-0ubuntu3.11","libnuma-dev=2.0.14-3ubuntu2","libnuma1=2.0.14-3ubuntu2","libnvjpeg-11-8=11.9.0.86-1","libnvjpeg-dev-11-8=11.9.0.86-1","libogg0=1.3.5-0ubuntu3","libomp-14-dev=1:14.0.0-1ubuntu1.1","libomp-dev=1:14.0-55~exp2","libomp5-14=1:14.0.0-1ubuntu1.1","libopenblas-dev=0.3.20+ds-1","libopenblas-pthread-dev=0.3.20+ds-1","libopenblas0-pthread=0.3.20+ds-1","libopenblas0=0.3.20+ds-1","libopencore-amrnb0=0.1.5-1","libopencore-amrwb0=0.1.5-1","libopenjp2-7=2.4.0-6","libopenmpi-dev=4.1.2-2ubuntu1","libopenmpi3=4.1.2-2ubuntu1","libopus0=1.3.1-0.1build2","libp11-kit0=0.24.0-6build1","libpackagekit-glib2-18=1.2.5-2ubuntu2","libpam-cap=1:2.44-1ubuntu0.22.04.1","libpam-modules-bin=1.4.0-11ubuntu2.3","libpam-modules=1.4.0-11ubuntu2.3","libpam-runtime=1.4.0-11ubuntu2.3","libpam-systemd=249.11-0ubuntu3.11","libpam0g=1.4.0-11ubuntu2.3","libpciaccess0=0.16-3","libpcre2-8-0=10.39-3ubuntu0.1","libpcre3=2:8.39-13ubuntu0.22.04.1","libperl5.34=5.34.0-3ubuntu1.2","libpmix-dev=4.1.2-2ubuntu1","libpmix2=4.1.2-2ubuntu1","libpng16-16=1.6.37-3build5","libpolkit-agent-1-0=0.105-33","libpolkit-gobject-1-0=0.105-33","libprocps8=2:3.3.17-6ubuntu2","libpsl5=0.21.0-1.2build2","libpsm-infinipath1=3.3+20.604758e7-6.1","libpsm2-2=11.2.185-1","libpython3-dev=3.10.6-1~22.04","libpython3-stdlib=3.10.6-1~22.04","libpython3.10-dev=3.10.12-1~22.04.2","libpython3.10-minimal=3.10.12-1~22.04.2","libpython3.10-stdlib=3.10.12-1~22.04.2","libpython3.10=3.10.12-1~22.04.2","libpython3.7-dev=3.7.17-1+jammy1","libpython3.7-minimal=3.7.17-1+jammy1","libpython3.7-stdlib=3.7.17-1+jammy1","libpython3.7=3.7.17-1+jammy1","libqhull-r8.0=2020.2-4","libquadmath0=12.3.0-1ubuntu1~22.04","libraqm0=0.7.0-4ubuntu1","librdmacm1=39.0-1","libreadline8=8.1.2-1","librtmp1=2.4+20151223.gitfa8646d.1-2build4","libsasl2-2=2.1.27+dfsg2-3ubuntu1.2","libsasl2-modules-db=2.1.27+dfsg2-3ubuntu1.2","libseccomp2=2.5.3-2ubuntu2","libselinux1=3.3-1build2","libsemanage-common=3.3-1build2","libsemanage2=3.3-1build2","libsensors-config=1:3.6.0-7ubuntu1","libsensors5=1:3.6.0-7ubuntu1","libsepol2=3.3-1build1","libserf-1-1=1.3.9-10ubuntu2","libsigsegv2=2.13-1ubuntu3","libslurm37=21.08.5-2ubuntu1","libsm6=2:1.2.3-1build2","libsmartcols1=2.37.2-4ubuntu3","libsndfile1=1.0.31-2ubuntu0.1","libsodium23=1.0.18-1build2","libsox-fmt-alsa=14.4.2+git20190427-2+deb11u2ubuntu0.22.04.1","libsox-fmt-base=14.4.2+git20190427-2+deb11u2ubuntu0.22.04.1","libsox3=14.4.2+git20190427-2+deb11u2ubuntu0.22.04.1","libsqlite3-0=3.37.2-2ubuntu0.1","libss2=1.46.5-2ubuntu1.1","libssh-4=0.9.6-2ubuntu0.22.04.1","libssl-dev=3.0.2-0ubuntu1.12","libssl3=3.0.2-0ubuntu1.12","libstdc++-11-dev=11.4.0-1ubuntu1~22.04","libstdc++6=12.3.0-1ubuntu1~22.04","libstemmer0d=2.2.0-1build1","libsvn1=1.14.1-3ubuntu0.22.04.1","libsystemd0=249.11-0ubuntu3.11","libtasn1-6=4.18.0-4build1","libtbb2-dev=2020.3-1ubuntu3","libtbb2=2020.3-1ubuntu3","libtbbmalloc2=2021.5.0-7ubuntu2","libtcl8.6=8.6.12+dfsg-1build1","libtiff5=4.3.0-6ubuntu0.9","libtinfo6=6.3-2ubuntu0.1","libtirpc-common=1.3.2-2ubuntu0.1","libtirpc-dev=1.3.2-2ubuntu0.1","libtirpc3=1.3.2-2ubuntu0.1","libtk8.6=8.6.12-1build1","libtool=2.4.6-15build2","libtsan0=11.4.0-1ubuntu1~22.04","libubsan1=12.3.0-1ubuntu1~22.04","libucx0=1.12.1~rc2-1","libudev1=249.11-0ubuntu3.10","libunistring2=1.0-1","libunwind8=1.3.2-2build2.1","libutempter0=1.2.1-2build2","libutf8proc2=2.7.0-3","libuuid1=2.37.2-4ubuntu3","libvorbis0a=1.3.7-1build2","libvorbisenc2=1.3.7-1build2","libvorbisfile3=1.3.7-1build2","libwavpack1=5.4.0-1build2","libwebp7=1.2.2-2ubuntu0.22.04.2","libwebpdemux2=1.2.2-2ubuntu0.22.04.2","libwebpmux3=1.2.2-2ubuntu0.22.04.2","libwrap0=7.6.q-31build2","libx11-6=2:1.7.5-1ubuntu0.3","libx11-data=2:1.7.5-1ubuntu0.3","libx11-xcb1=2:1.7.5-1ubuntu0.3","libxau6=1:1.0.9-1build5","libxcb-dri2-0=1.14-3ubuntu3","libxcb-dri3-0=1.14-3ubuntu3","libxcb-glx0=1.14-3ubuntu3","libxcb-present0=1.14-3ubuntu3","libxcb-randr0=1.14-3ubuntu3","libxcb-shm0=1.14-3ubuntu3","libxcb-sync1=1.14-3ubuntu3","libxcb-xfixes0=1.14-3ubuntu3","libxcb1=1.14-3ubuntu3","libxdmcp6=1:1.1.3-0ubuntu5","libxext6=2:1.3.4-1build1","libxfixes3=1:6.0.0-1","libxft2=2.3.4-1","libxml2=2.9.13+dfsg-1ubuntu0.3","libxmlb2=0.3.6-2build1","libxmuu1=2:1.1.3-3","libxnvctrl0=545.23.08-0ubuntu1","libxrender1=1:0.9.10-1build4","libxshmfence1=1.3-1build4","libxsimd-dev=7.6.0-2","libxslt1.1=1.1.34-4ubuntu0.22.04.1","libxss1=1:1.2.3-1build2","libxxf86vm1=1:1.1.4-1build3","libxxhash0=0.8.1-1","libyaml-0-2=0.2.2-1build2","libzstd1=1.4.8+dfsg-3build1","linux-libc-dev=5.15.0-88.98","lm-sensors=1:3.6.0-7ubuntu1","locales-all=2.35-0ubuntu3.4","locales=2.35-0ubuntu3.4","login=1:4.8.1-2ubuntu2.1","logsave=1.46.5-2ubuntu1.1","lsb-base=11.1.0ubuntu4","lsb-release=11.1.0ubuntu4","lto-disabled-list=24","m4=1.4.18-5ubuntu2","mailcap=3.70+nmu1ubuntu1","make=4.3-4.1build1","mawk=1.3.4.20200120-3","media-types=7.0.0","mime-support=3.66","mount=2.37.2-4ubuntu3","mpich=4.0-3","ncurses-base=6.3-2ubuntu0.1","ncurses-bin=6.3-2ubuntu0.1","ncurses-term=6.3-2ubuntu0.1","networkd-dispatcher=2.1-2ubuntu0.22.04.2","nsight-compute-2022.3.0=2022.3.0.22-1","ocl-icd-libopencl1=2.2.14-3","openmpi-bin=4.1.2-2ubuntu1","openmpi-common=4.1.2-2ubuntu1","openssh-client=1:8.9p1-3ubuntu0.4","openssh-server=1:8.9p1-3ubuntu0.4","openssh-sftp-server=1:8.9p1-3ubuntu0.4","openssl=3.0.2-0ubuntu1.12","packagekit-tools=1.2.5-2ubuntu2","packagekit=1.2.5-2ubuntu2","passwd=1:4.8.1-2ubuntu2.1","patch=2.7.6-7build2","perl-base=5.34.0-3ubuntu1.2","perl-modules-5.34=5.34.0-3ubuntu1.2","perl=5.34.0-3ubuntu1.2","pinentry-curses=1.1.1-1build2","pkexec=0.105-33","pkg-config=0.29.2-1ubuntu3","policykit-1=0.105-33","polkitd=0.105-33","procps=2:3.3.17-6ubuntu2","publicsuffix=20211207.1025-1","python-apt-common=2.4.0ubuntu2","python-matplotlib-data=3.5.1-2build1","python3-appdirs=1.4.4-2","python3-apt=2.4.0ubuntu2","python3-attr=21.2.0-1","python3-beniget=0.4.1-2","python3-blinker=1.4+dfsg1-0.4","python3-bottle=0.12.19-1+deb11u1build0.22.04.1","python3-brotli=1.0.9-2build6","python3-bs4=4.10.0-2","python3-certifi=2020.6.20-1","python3-cffi-backend=1.15.0-1build2","python3-chardet=4.0.0-1","python3-cryptography=3.4.8-1ubuntu2","python3-cycler=0.11.0-1","python3-dateutil=2.8.1-6","python3-dbus=1.2.18-3build1","python3-decorator=4.4.2-0ubuntu1","python3-defusedxml=0.7.1-1","python3-dev=3.10.6-1~22.04","python3-distro-info=1.1ubuntu0.1","python3-distro=1.7.0-1","python3-distutils=3.10.8-1~22.04","python3-docker=5.0.3-1","python3-fonttools=4.29.1-2build1","python3-fs=2.4.12-1","python3-future=0.18.2-5ubuntu0.1","python3-gast=0.5.2-2","python3-gi=3.42.1-0ubuntu1","python3-html5lib=1.1-3","python3-httplib2=0.20.2-2","python3-idna=3.3-1ubuntu0.1","python3-importlib-metadata=4.6.4-1","python3-influxdb=5.3.1-2","python3-jeepney=0.7.1-3","python3-jwt=2.3.0-1ubuntu0.2","python3-keyring=23.5.0-1","python3-kiwisolver=1.3.2-1build1","python3-launchpadlib=1.10.16-1","python3-lazr.restfulclient=0.14.4-1","python3-lazr.uri=1.0.6-2","python3-lib2to3=3.10.8-1~22.04","python3-lxml=4.8.0-1build1","python3-lz4=3.1.3+dfsg-1build3","python3-matplotlib=3.5.1-2build1","python3-minimal=3.10.6-1~22.04","python3-more-itertools=8.10.0-2","python3-mpmath=1.2.1-2","python3-msgpack=1.0.3-1build1","python3-netifaces=0.11.0-1build2","python3-numpy=1:1.21.5-1ubuntu22.04.1","python3-oauthlib=3.2.0-1ubuntu0.1","python3-olefile=0.46-3","python3-packaging=21.3-1","python3-pil.imagetk=9.0.1-1ubuntu0.3","python3-pil=9.0.1-1ubuntu0.3","python3-pip=22.0.2+dfsg-1ubuntu0.4","python3-pkg-resources=59.6.0-1.2ubuntu0.22.04.1","python3-ply=3.11-5","python3-psutil=5.9.0-1build1","python3-pyasn1=0.4.8-1","python3-pycryptodome=3.11.0+dfsg1-3ubuntu0.1","python3-pyparsing=2.4.7-1","python3-pysmi=0.3.2-2","python3-pysnmp4=4.4.12-2","python3-pystache=0.6.0-1","python3-pythran=0.10.0+ds2-1","python3-requests=2.25.1+dfsg-2ubuntu0.1","python3-scipy=1.8.0-1exp2ubuntu1","python3-secretstorage=3.3.1-1","python3-setuptools=59.6.0-1.2ubuntu0.22.04.1","python3-six=1.16.0-3ubuntu1","python3-software-properties=0.99.22.7","python3-soupsieve=2.3.1-1","python3-sympy=1.9-1","python3-tk=3.10.8-1~22.04","python3-tz=2022.1-1ubuntu0.22.04.1","python3-ufolib2=0.13.1+dfsg1-1","python3-unicodedata2=14.0.0+ds-8","python3-urllib3=1.26.5-1~exp1ubuntu0.1","python3-wadllib=1.3.6-1","python3-webencodings=0.5.1-4","python3-websocket=1.2.3-1","python3-wheel=0.37.1-2ubuntu0.22.04.1","python3-zipp=1.0.0-3","python3.10-dev=3.10.12-1~22.04.2","python3.10-minimal=3.10.12-1~22.04.2","python3.10=3.10.12-1~22.04.2","python3=3.10.6-1~22.04","readline-common=8.1.2-1","rpcsvc-proto=1.4.2-0ubuntu6","sed=4.8-1ubuntu2","sensible-utils=0.0.17","shared-mime-info=2.1-2","software-properties-common=0.99.22.7","sox=14.4.2+git20190427-2+deb11u2ubuntu0.22.04.1","ssh-import-id=5.11-0ubuntu1","subversion=1.14.1-3ubuntu0.22.04.1","systemd-sysv=249.11-0ubuntu3.11","systemd-timesyncd=249.11-0ubuntu3.11","systemd=249.11-0ubuntu3.11","sysvinit-utils=3.01-1ubuntu1","tar=1.34+dfsg-1ubuntu0.1.22.04.1","tk8.6-blt2.5=2.5.3+dfsg-4.1build2","tmux=3.2a-4ubuntu0.2","tzdata=2023c-0ubuntu0.22.04.2","ubuntu-keyring=2021.03.26","ucf=3.0043","unattended-upgrades=2.8ubuntu1","unicode-data=14.0.0-1.1","unrar=1:6.1.5-1","unzip=6.0-26ubuntu3.1","usrmerge=25ubuntu2","util-linux=2.37.2-4ubuntu3","vim-common=2:8.2.3995-1ubuntu2.13","vim-runtime=2:8.2.3995-1ubuntu2.13","vim=2:8.2.3995-1ubuntu2.13","wget=1.21.2-2ubuntu1","x11-common=1:7.7+23ubuntu2","xauth=1:1.1-1build2","xdg-user-dirs=0.17-2ubuntu4","xxd=2:8.2.3995-1ubuntu2.13","xz-utils=5.2.5-2ubuntu1","zlib1g-dev=1:1.2.11.dfsg-2ubuntu9.2","zlib1g=1:1.2.11.dfsg-2ubuntu9.2","zsh-common=5.8.1-1","zsh=5.8.1-1"]},"type":"ws_msg"}
{"payload":{"env_details":{"command":["main_crnn.py","predict","--config","./config/tcrnn.yaml"],"env":null,"hostname":"f3b2f076bbfb","ip":"172.18.0.2","machine":"x86_64","os":"Linux-6.8.0-52-generic-x86_64-with-glibc2.35","os_release":"6.8.0-52-generic","os_type":"Linux","pid":121736,"processor":"x86_64","python_exe":"/usr/bin/python","python_version":"3.10.12","python_version_verbose":"3.10.12 (main, Jun 11 2023, 05:26:28) [GCC 11.4.0]","user":"root"},"local_timestamp":1741593759433,"message_id":6},"type":"ws_msg"}
{"payload":{"gpu_static_info":[{"gpu_index":0,"name":"NVIDIA GeForce RTX 4060 Ti","power_limit":165000,"total_memory":17175674880,"uuid":"GPU-d232b4e4-ec7f-0a64-ab9b-4a5fd8ee246c"},{"gpu_index":1,"name":"NVIDIA GeForce RTX 3060","power_limit":170000,"total_memory":12884901888,"uuid":"GPU-983eefbf-19cd-b58f-c238-eb1d646df7de"}],"local_timestamp":1741593759434,"message_id":7},"type":"ws_msg"}
{"payload":{"local_timestamp":1741593759434,"message_id":8,"metric":{"epoch":null,"metricName":"sys.gpu.0.total_memory","metricValue":17175674880,"step":null}},"type":"metric_msg"}
{"payload":{"local_timestamp":1741593759434,"message_id":9,"metric":{"epoch":null,"metricName":"sys.gpu.1.total_memory","metricValue":12884901888,"step":null}},"type":"metric_msg"}
{"payload":{"local_timestamp":1741593759436,"message_id":10,"param":{"paramName":"run_arg_0","paramValue":"predict","source":"cli","step":null}},"type":"parameter_msg"}
{"payload":{"local_timestamp":1741593759436,"message_id":11,"param":{"paramName":"run_arg_1","paramValue":"--config","source":"cli","step":null}},"type":"parameter_msg"}
{"payload":{"local_timestamp":1741593759436,"message_id":12,"param":{"paramName":"run_arg_2","paramValue":"./config/tcrnn.yaml","source":"cli","step":null}},"type":"parameter_msg"}
{"payload":{"local_timestamp":1741593759437,"log_other":{"key":"offline_experiment","val":true},"message_id":13},"type":"ws_msg"}
{"payload":{"local_timestamp":1741593759437,"log_other":{"key":"Created from","val":"pytorch-lightning"},"message_id":14},"type":"ws_msg"}
{"payload":{"local_timestamp":1741593759437,"message_id":15,"metric":{"epoch":null,"metricName":"sys.cpu.percent.avg","metricValue":0.0,"step":null}},"type":"metric_msg"}
{"payload":{"local_timestamp":1741593759437,"message_id":16,"metric":{"epoch":null,"metricName":"sys.ram.total","metricValue":33552035840,"step":null}},"type":"metric_msg"}
{"payload":{"local_timestamp":1741593759437,"message_id":17,"metric":{"epoch":null,"metricName":"sys.ram.used","metricValue":11165319168,"step":null}},"type":"metric_msg"}
{"payload":{"local_timestamp":1741593759437,"message_id":18,"metric":{"epoch":null,"metricName":"sys.ram.available","metricValue":22386716672,"step":null}},"type":"metric_msg"}
{"payload":{"local_timestamp":1741593759437,"message_id":19,"metric":{"epoch":null,"metricName":"sys.ram.percent.used","metricValue":33.3,"step":null}},"type":"metric_msg"}
{"payload":{"local_timestamp":1741593759437,"message_id":20,"metric":{"epoch":null,"metricName":"sys.load.avg","metricValue":0.1279296875,"step":null}},"type":"metric_msg"}
{"payload":{"local_timestamp":1741593759439,"message_id":21,"metric":{"epoch":null,"metricName":"sys.gpu.0.free_memory","metricValue":16272850944,"step":null}},"type":"metric_msg"}
{"payload":{"local_timestamp":1741593759439,"message_id":22,"metric":{"epoch":null,"metricName":"sys.gpu.0.gpu_utilization","metricValue":0,"step":null}},"type":"metric_msg"}
{"payload":{"local_timestamp":1741593759439,"message_id":23,"metric":{"epoch":null,"metricName":"sys.gpu.0.power_usage","metricValue":24655,"step":null}},"type":"metric_msg"}
{"payload":{"local_timestamp":1741593759439,"message_id":24,"metric":{"epoch":null,"metricName":"sys.gpu.0.temperature","metricValue":41,"step":null}},"type":"metric_msg"}
{"payload":{"local_timestamp":1741593759439,"message_id":25,"metric":{"epoch":null,"metricName":"sys.gpu.0.used_memory","metricValue":902823936,"step":null}},"type":"metric_msg"}
{"payload":{"local_timestamp":1741593759439,"message_id":26,"metric":{"epoch":null,"metricName":"sys.gpu.0.percent.used_memory","metricValue":5.256410256410256,"step":null}},"type":"metric_msg"}
{"payload":{"local_timestamp":1741593759439,"message_id":27,"metric":{"epoch":null,"metricName":"sys.gpu.0.memory_utilization","metricValue":0,"step":null}},"type":"metric_msg"}
{"payload":{"local_timestamp":1741593759439,"message_id":28,"metric":{"epoch":null,"metricName":"sys.gpu.1.free_memory","metricValue":12610437120,"step":null}},"type":"metric_msg"}
{"payload":{"local_timestamp":1741593759439,"message_id":29,"metric":{"epoch":null,"metricName":"sys.gpu.1.gpu_utilization","metricValue":0,"step":null}},"type":"metric_msg"}
{"payload":{"local_timestamp":1741593759439,"message_id":30,"metric":{"epoch":null,"metricName":"sys.gpu.1.power_usage","metricValue":12376,"step":null}},"type":"metric_msg"}
{"payload":{"local_timestamp":1741593759439,"message_id":31,"metric":{"epoch":null,"metricName":"sys.gpu.1.temperature","metricValue":38,"step":null}},"type":"metric_msg"}
{"payload":{"local_timestamp":1741593759439,"message_id":32,"metric":{"epoch":null,"metricName":"sys.gpu.1.used_memory","metricValue":274464768,"step":null}},"type":"metric_msg"}
{"payload":{"local_timestamp":1741593759439,"message_id":33,"metric":{"epoch":null,"metricName":"sys.gpu.1.percent.used_memory","metricValue":2.130126953125,"step":null}},"type":"metric_msg"}
{"payload":{"local_timestamp":1741593759439,"message_id":34,"metric":{"epoch":null,"metricName":"sys.gpu.1.memory_utilization","metricValue":0,"step":null}},"type":"metric_msg"}
{"payload":{"local_timestamp":1741593759440,"message_id":35,"stderr":false,"stdout":"TrainerFn.PREDICTING"},"type":"ws_msg"}
{"payload":{"local_timestamp":1741593759440,"message_id":36,"stderr":false,"stdout":"\n"},"type":"ws_msg"}
{"payload":{"local_timestamp":1741593759441,"message_id":37,"metric":{"epoch":null,"metricName":"sys.disk.root.used","metricValue":2947414409216,"step":null}},"type":"metric_msg"}
{"payload":{"local_timestamp":1741593759441,"message_id":38,"metric":{"epoch":null,"metricName":"sys.disk.root.percent.used","metricValue":77.0,"step":null}},"type":"metric_msg"}
{"payload":{"local_timestamp":1741593759505,"message_id":39,"stderr":true,"stdout":"Restoring states from the checkpoint path at ./checkpoints-mar-6-10epoch/last.ckpt\n"},"type":"ws_msg"}
{"payload":{"git_meta":{"branch":"refs/heads/main","origin":"https://github.com/Devin-Pi/uncertainty-estimation-for-ssl.git","parent":"a150fe55778bf33c4403797eaa5a66653ff5a663","repo_name":"uncertainty-estimation-for-ssl","root":"cb6fce0840cc444bdd9314550ce9659c965ac116","status":null,"user":"mrbernie"},"local_timestamp":1741593759527,"message_id":40},"type":"ws_msg"}
{"payload":{"additional_params":null,"clean":true,"file_path":"tmpewim6_37..zip","local_timestamp":1741593759534,"message_id":41,"metadata":{},"upload_type":"git-patch"},"type":"file_upload"}
{"payload":{"local_timestamp":1741593759546,"message_id":42,"stderr":true,"stdout":"LOCAL_RANK: 0 - CUDA_VISIBLE_DEVICES: [0,1]\n"},"type":"ws_msg"}
{"payload":{"local_timestamp":1741593759566,"message_id":43,"param":{"paramName":"compile","paramValue":false,"source":"manual","step":null}},"type":"parameter_msg"}
{"payload":{"local_timestamp":1741593759566,"message_id":44,"param":{"paramName":"device","paramValue":"cuda","source":"manual","step":null}},"type":"parameter_msg"}
{"payload":{"local_timestamp":1741593759566,"message_id":45,"param":{"paramName":"dropout","paramValue":0.1,"source":"manual","step":null}},"type":"parameter_msg"}
{"payload":{"local_timestamp":1741593759566,"message_id":46,"param":{"paramName":"input_dim","paramValue":4,"source":"manual","step":null}},"type":"parameter_msg"}
{"payload":{"local_timestamp":1741593759566,"message_id":47,"param":{"paramName":"lamdba_peochs","paramValue":10,"source":"manual","step":null}},"type":"parameter_msg"}
{"payload":{"local_timestamp":1741593759566,"message_id":48,"param":{"paramName":"lr","paramValue":0.001,"source":"manual","step":null}},"type":"parameter_msg"}
{"payload":{"local_timestamp":1741593759566,"message_id":49,"param":{"paramName":"num_classes","paramValue":180,"source":"manual","step":null}},"type":"parameter_msg"}
{"payload":{"local_timestamp":1741593759566,"message_id":50,"param":{"paramName":"pred_result_dir","paramValue":"/root/workspace/uncertainty-estimation-for-ssl-pred/TCRNN/pred_results/","source":"manual","step":null}},"type":"parameter_msg"}
{"payload":{"graph":"TrustedRCNN(\n  (model): CRNN(\n    (cnn): Sequential(\n      (0): CausCnnBlock(\n        (conv1): Conv2d(4, 64, kernel_size=(3, 3), stride=(1, 1), padding=(1, 2), bias=False)\n        (bn1): BatchNorm2d(64, eps=1e-05, momentum=0.1, affine=True, track_running_stats=True)\n        (relu): ReLU(inplace=True)\n        (conv2): Conv2d(64, 64, kernel_size=(3, 3), stride=(1, 1), padding=(1, 2), bias=False)\n        (bn2): BatchNorm2d(64, eps=1e-05, momentum=0.1, affine=True, track_running_stats=True)\n      )\n      (1): MaxPool2d(kernel_size=(4, 1), stride=(4, 1), padding=0, dilation=1, ceil_mode=False)\n      (2): CausCnnBlock(\n        (conv1): Conv2d(64, 64, kernel_size=(3, 3), stride=(1, 1), padding=(1, 2), bias=False)\n        (bn1): BatchNorm2d(64, eps=1e-05, momentum=0.1, affine=True, track_running_stats=True)\n        (relu): ReLU(inplace=True)\n        (conv2): Conv2d(64, 64, kernel_size=(3, 3), stride=(1, 1), padding=(1, 2), bias=False)\n        (bn2): BatchNorm2d(64, eps=1e-05, momentum=0.1, affine=True, track_running_stats=True)\n      )\n      (3): MaxPool2d(kernel_size=(2, 1), stride=(2, 1), padding=0, dilation=1, ceil_mode=False)\n      (4): CausCnnBlock(\n        (conv1): Conv2d(64, 64, kernel_size=(3, 3), stride=(1, 1), padding=(1, 2), bias=False)\n        (bn1): BatchNorm2d(64, eps=1e-05, momentum=0.1, affine=True, track_running_stats=True)\n        (relu): ReLU(inplace=True)\n        (conv2): Conv2d(64, 64, kernel_size=(3, 3), stride=(1, 1), padding=(1, 2), bias=False)\n        (bn2): BatchNorm2d(64, eps=1e-05, momentum=0.1, affine=True, track_running_stats=True)\n      )\n      (5): MaxPool2d(kernel_size=(2, 2), stride=(2, 2), padding=0, dilation=1, ceil_mode=False)\n      (6): CausCnnBlock(\n        (conv1): Conv2d(64, 64, kernel_size=(3, 3), stride=(1, 1), padding=(1, 2), bias=False)\n        (bn1): BatchNorm2d(64, eps=1e-05, momentum=0.1, affine=True, track_running_stats=True)\n        (relu): ReLU(inplace=True)\n        (conv2): Conv2d(64, 64, kernel_size=(3, 3), stride=(1, 1), padding=(1, 2), bias=False)\n        (bn2): BatchNorm2d(64, eps=1e-05, momentum=0.1, affine=True, track_running_stats=True)\n      )\n      (7): MultiheadAttention(\n        (qkv_proj): Linear(in_features=64, out_features=192, bias=True)\n        (o_proj): Linear(in_features=64, out_features=64, bias=True)\n      )\n      (8): MaxPool2d(kernel_size=(2, 2), stride=(2, 2), padding=0, dilation=1, ceil_mode=False)\n      (9): CausCnnBlock(\n        (conv1): Conv2d(64, 64, kernel_size=(3, 3), stride=(1, 1), padding=(1, 2), bias=False)\n        (bn1): BatchNorm2d(64, eps=1e-05, momentum=0.1, affine=True, track_running_stats=True)\n        (relu): ReLU(inplace=True)\n        (conv2): Conv2d(64, 64, kernel_size=(3, 3), stride=(1, 1), padding=(1, 2), bias=False)\n        (bn2): BatchNorm2d(64, eps=1e-05, momentum=0.1, affine=True, track_running_stats=True)\n      )\n      (10): MaxPool2d(kernel_size=(2, 3), stride=(2, 3), padding=0, dilation=1, ceil_mode=False)\n    )\n    (rnn): LSTM(256, 256, num_layers=2, batch_first=True, dropout=0.1)\n    (rnn_fc): Sequential(\n      (0): Dropout(p=0.1, inplace=False)\n      (1): Linear(in_features=256, out_features=180, bias=True)\n    )\n  )\n  (get_metric): PredDOA(\n    (getmetric): getMetric()\n  )\n)","local_timestamp":1741593759566,"message_id":51},"type":"ws_msg"}
{"payload":{"local_timestamp":1741593759567,"message_id":52,"stderr":true,"stdout":"Loaded model weights from the checkpoint at ./checkpoints-mar-6-10epoch/last.ckpt\n"},"type":"ws_msg"}
{"payload":{"local_timestamp":1741593759569,"message_id":53,"stderr":true,"stdout":"/usr/local/lib/python3.10/dist-packages/lightning/pytorch/trainer/connectors/data_connector.py:441: The 'predict_dataloader' does not have many workers which may be a bottleneck. Consider increasing the value of the `num_workers` argument` to `num_workers=23` in the `DataLoader` to improve performance.\n"},"type":"ws_msg"}
{"payload":{"local_timestamp":1741593759574,"message_id":54,"stderr":false,"stdout":"\u001b[?25l"},"type":"ws_msg"}
{"payload":{"local_timestamp":1741593760141,"message_id":55,"stderr":false,"stdout":"\r\u001b[2K(240000, 2)\n"},"type":"ws_msg"}
{"payload":{"local_timestamp":1741593760162,"message_id":56,"stderr":false,"stdout":"\r\u001b[2K(240000, 2)\n"},"type":"ws_msg"}
{"payload":{"local_timestamp":1741593760184,"message_id":57,"stderr":false,"stdout":"\r\u001b[2K\u001b[38;5;154mPredicting\u001b[0m \u001b[38;5;237m\u2501\u2501\u2501\u2501\u2501\u2501\u2501\u2501\u2501\u2501\u2501\u2501\u2501\u2501\u2501\u2501\u2501\u2501\u2501\u2501\u2501\u2501\u2501\u2501\u2501\u2501\u2501\u2501\u2501\u2501\u2501\u2501\u2501\u2501\u2501\u2501\u2501\u2501\u2501\u2501\u001b[0m \u001b[38;5;154m0/1000\u001b[0m \u001b[38;5;252m0:00:00 \u2022 -:--:--\u001b[0m \u001b[38;5;252m0.00it/s\u001b[0m  "},"type":"ws_msg"}
{"payload":{"local_timestamp":1741593760185,"message_id":58,"stderr":false,"stdout":"\r\u001b[2K\u001b[38;5;154mPredicting\u001b[0m \u001b[38;5;237m\u2501\u2501\u2501\u2501\u2501\u2501\u2501\u2501\u2501\u2501\u2501\u2501\u2501\u2501\u2501\u2501\u2501\u2501\u2501\u2501\u2501\u2501\u2501\u2501\u2501\u2501\u2501\u2501\u2501\u2501\u2501\u2501\u2501\u2501\u2501\u2501\u2501\u2501\u2501\u2501\u001b[0m \u001b[38;5;154m0/1000\u001b[0m \u001b[38;5;252m0:00:00 \u2022 -:--:--\u001b[0m \u001b[38;5;252m0.00it/s\u001b[0m  "},"type":"ws_msg"}
{"payload":{"local_timestamp":1741593760186,"message_id":59,"stderr":false,"stdout":"\r\u001b[2K\u001b[38;5;154mPredicting\u001b[0m \u001b[38;5;237m\u2501\u2501\u2501\u2501\u2501\u2501\u2501\u2501\u2501\u2501\u2501\u2501\u2501\u2501\u2501\u2501\u2501\u2501\u2501\u2501\u2501\u2501\u2501\u2501\u2501\u2501\u2501\u2501\u2501\u2501\u2501\u2501\u2501\u2501\u2501\u2501\u2501\u2501\u2501\u2501\u001b[0m \u001b[38;5;154m0/1000\u001b[0m \u001b[38;5;252m0:00:00 \u2022 -:--:--\u001b[0m \u001b[38;5;252m0.00it/s\u001b[0m  \n\u001b[?25h"},"type":"ws_msg"}
{"payload":{"local_timestamp":1741593760187,"log_other":{"key":"sys.already_imported_modules","val":"[\"torch\"]"},"message_id":60},"type":"ws_msg"}
{"payload":{"local_timestamp":1741593760187,"message_id":61,"stderr":true,"stdout":"\u001b[1;38;5;39mCOMET INFO:\u001b[0m ---------------------------------------------------------------------------------------\n"},"type":"ws_msg"}
{"payload":{"local_timestamp":1741593760187,"message_id":62,"stderr":true,"stdout":"\u001b[1;38;5;39mCOMET INFO:\u001b[0m Comet.ml OfflineExperiment Summary\n"},"type":"ws_msg"}
{"payload":{"local_timestamp":1741593760187,"message_id":63,"stderr":true,"stdout":"\u001b[1;38;5;39mCOMET INFO:\u001b[0m ---------------------------------------------------------------------------------------\n\u001b[1;38;5;39mCOMET INFO:\u001b[0m   Data:\n"},"type":"ws_msg"}
{"payload":{"local_timestamp":1741593760187,"message_id":64,"stderr":true,"stdout":"\u001b[1;38;5;39mCOMET INFO:\u001b[0m     display_summary_level : 1\n"},"type":"ws_msg"}
{"payload":{"local_timestamp":1741593760187,"message_id":65,"stderr":true,"stdout":"\u001b[1;38;5;39mCOMET INFO:\u001b[0m     url                   : [OfflineExperiment will get URL after upload]\n"},"type":"ws_msg"}
{"payload":{"local_timestamp":1741593760187,"message_id":66,"stderr":true,"stdout":"\u001b[1;38;5;39mCOMET INFO:\u001b[0m   Others:\n"},"type":"ws_msg"}
{"payload":{"local_timestamp":1741593760187,"message_id":67,"stderr":true,"stdout":"\u001b[1;38;5;39mCOMET INFO:\u001b[0m     Created from       : pytorch-lightning\n"},"type":"ws_msg"}
{"payload":{"local_timestamp":1741593760188,"message_id":68,"stderr":true,"stdout":"\u001b[1;38;5;39mCOMET INFO:\u001b[0m     offline_experiment : True\n"},"type":"ws_msg"}
{"payload":{"local_timestamp":1741593760188,"message_id":69,"stderr":true,"stdout":"\u001b[1;38;5;39mCOMET INFO:\u001b[0m   Parameters:\n"},"type":"ws_msg"}
{"payload":{"local_timestamp":1741593760188,"message_id":70,"stderr":true,"stdout":"\u001b[1;38;5;39mCOMET INFO:\u001b[0m     compile         : False\n"},"type":"ws_msg"}
{"payload":{"local_timestamp":1741593760188,"message_id":71,"stderr":true,"stdout":"\u001b[1;38;5;39mCOMET INFO:\u001b[0m     device          : cuda\n"},"type":"ws_msg"}
{"payload":{"local_timestamp":1741593760188,"message_id":72,"stderr":true,"stdout":"\u001b[1;38;5;39mCOMET INFO:\u001b[0m     dropout         : 0.1\n"},"type":"ws_msg"}
{"payload":{"local_timestamp":1741593760188,"message_id":73,"stderr":true,"stdout":"\u001b[1;38;5;39mCOMET INFO:\u001b[0m     input_dim       : 4\n"},"type":"ws_msg"}
{"payload":{"local_timestamp":1741593760188,"message_id":74,"stderr":true,"stdout":"\u001b[1;38;5;39mCOMET INFO:\u001b[0m     lamdba_peochs   : 10\n"},"type":"ws_msg"}
{"payload":{"local_timestamp":1741593760188,"message_id":75,"stderr":true,"stdout":"\u001b[1;38;5;39mCOMET INFO:\u001b[0m     lr              : 0.001\n"},"type":"ws_msg"}
{"payload":{"local_timestamp":1741593760188,"message_id":76,"stderr":true,"stdout":"\u001b[1;38;5;39mCOMET INFO:\u001b[0m     num_classes     : 180\n"},"type":"ws_msg"}
{"payload":{"local_timestamp":1741593760188,"message_id":77,"stderr":true,"stdout":"\u001b[1;38;5;39mCOMET INFO:\u001b[0m     pred_result_dir : /root/workspace/uncertainty-estimation-for-ssl-pred/TCRNN/pred_results/\n"},"type":"ws_msg"}
{"payload":{"local_timestamp":1741593760188,"message_id":78,"stderr":true,"stdout":"\u001b[1;38;5;39mCOMET INFO:\u001b[0m   Uploads:\n"},"type":"ws_msg"}
{"payload":{"local_timestamp":1741593760188,"message_id":79,"stderr":true,"stdout":"\u001b[1;38;5;39mCOMET INFO:\u001b[0m     environment details      : 1\n"},"type":"ws_msg"}
{"payload":{"local_timestamp":1741593760188,"message_id":80,"stderr":true,"stdout":"\u001b[1;38;5;39mCOMET INFO:\u001b[0m     filename                 : 1\n"},"type":"ws_msg"}
{"payload":{"local_timestamp":1741593760188,"message_id":81,"stderr":true,"stdout":"\u001b[1;38;5;39mCOMET INFO:\u001b[0m     git metadata             : 1\n"},"type":"ws_msg"}
{"payload":{"local_timestamp":1741593760188,"message_id":82,"stderr":true,"stdout":"\u001b[1;38;5;39mCOMET INFO:\u001b[0m     git-patch (uncompressed) : 1 (10.28 KB)\n"},"type":"ws_msg"}
{"payload":{"local_timestamp":1741593760188,"message_id":83,"stderr":true,"stdout":"\u001b[1;38;5;39mCOMET INFO:\u001b[0m     installed packages       : 1\n"},"type":"ws_msg"}
{"payload":{"local_timestamp":1741593760188,"message_id":84,"stderr":true,"stdout":"\u001b[1;38;5;39mCOMET INFO:\u001b[0m     model graph              : 1\n"},"type":"ws_msg"}
{"payload":{"local_timestamp":1741593760189,"message_id":85,"stderr":true,"stdout":"\u001b[1;38;5;39mCOMET INFO:\u001b[0m     os packages              : 1\n"},"type":"ws_msg"}
{"payload":{"local_timestamp":1741593760189,"message_id":86,"stderr":true,"stdout":"\u001b[1;38;5;39mCOMET INFO:\u001b[0m     source_code              : 2 (29.56 KB)\n"},"type":"ws_msg"}
{"payload":{"local_timestamp":1741593760189,"message_id":87,"stderr":true,"stdout":"\u001b[1;38;5;39mCOMET INFO:\u001b[0m \n"},"type":"ws_msg"}
{"payload":{"local_timestamp":1741593760189,"message_id":88,"stderr":true,"stdout":"\u001b[1;38;5;214mCOMET WARNING:\u001b[0m Experiment Name is generated at upload time for Offline Experiments unless set explicitly with Experiment.set_name\n"},"type":"ws_msg"}
{"payload":{"local_timestamp":1741593760189,"message_id":89,"stderr":true,"stdout":"\u001b[1;38;5;214mCOMET WARNING:\u001b[0m To get all data logged automatically, import comet_ml before the following modules: torch.\n"},"type":"ws_msg"}
